category,name,value,value,value,value,value,value,value,value,value,value,value,value,value,value,value,value,value,value,value,value,value,value,value,value,value,value,value,value,value,value,value,value,value,value,value,value,value,value,value,value,value,value,value,value,value,value,value,value,value,value,value,value,value,value,value,value,value,value,value,value,value,value,value,value,value,value,value,value,value,value,value,value,value,value,value,value,value,value,value,value,value,value,value,value,value,value,value,value,value,value,value,value,value,value,value,value,value,value,value,value
delta,delta,0.95,0.95,0.95,0.95,0.95,0.95,0.95,0.95,0.95,0.95,0.95,0.95,0.95,0.95,0.95,0.95,0.95,0.95,0.95,0.95,0.95,0.95,0.95,0.95,0.95,0.95,0.95,0.95,0.95,0.95,0.95,0.95,0.95,0.95,0.95,0.95,0.95,0.95,0.95,0.95,0.95,0.95,0.95,0.95,0.95,0.95,0.95,0.95,0.95,0.95,0.95,0.95,0.95,0.95,0.95,0.95,0.95,0.95,0.95,0.95,0.95,0.95,0.95,0.95,0.95,0.95,0.95,0.95,0.95,0.95,0.95,0.95,0.95,0.95,0.95,0.95,0.95,0.95,0.95,0.95,0.95,0.95,0.95,0.95,0.95,0.95,0.95,0.95,0.95,0.95,0.95,0.95,0.95,0.95,0.95,0.95,0.95,0.95,0.95,0.95
wage_a,constant,9.209664771454534,9.21093408919083,9.204104083728739,9.209171674375623,9.208319281789349,9.20787761476373,9.20857318052873,9.20936426619865,9.209581243078489,9.21015592505201,9.209673672745922,9.210771751742929,9.20867868318442,9.211865003830093,9.206926951620474,9.210705927147151,9.209665930725821,9.210236237263405,9.208274267968214,9.208642524752149,9.211350854005044,9.212969338598608,9.209222131874244,9.210803911460703,9.211851398427816,9.212002248355441,9.207804928406965,9.20718118126269,9.208472263033396,9.211865202156023,9.20793435381184,9.209681502853789,9.212762725484888,9.210133166448315,9.21080188499068,9.209231558647401,9.210777530091862,9.211556171219547,9.206655265011191,9.211079910335107,9.213656955846448,9.211069965581514,9.209069563111091,9.211286277085062,9.207978589171312,9.20979042375511,9.212131449297463,9.209131428875795,9.209104167103408,9.208197990279425,9.206692795955053,9.210743112048705,9.208718744297725,9.208997859327019,9.209966200754833,9.20741905698792,9.210298987454197,9.208319091566667,9.210361214278397,9.210837929052218,9.207970621482616,9.209652602143784,9.210813378771887,9.209653108353587,9.207367511911754,9.210144161129657,9.210676546832689,9.210059728220202,9.212551297254224,9.210349907327815,9.212081891179338,9.208253223315072,9.208266277886715,9.211389317127134,9.209585016087296,9.208443699210108,9.212331974316488,9.209373825222956,9.2110832760593,9.210961205960931,9.211906683617137,9.21050422352196,9.211083933499957,9.209378725723008,9.209019150257923,9.212013526619554,9.20971002248397,9.212895751191162,9.210674998365487,9.210495899843316,9.208077330217334,9.212623874456208,9.20979858664882,9.210316440686448,9.209628255296881,9.208854562233524,9.212081681784891,9.210297199570721,9.205580418523576,9.210476785306431
wage_a,exp_edu,0.0379281285359211,0.03801086027022902,0.038192836270461834,0.03794147740301721,0.03821308615989824,0.038050290829447726,0.037656176318570114,0.038235458009238645,0.038079743085405224,0.03844558520393245,0.03784880693872373,0.03782507542524348,0.038239264617503516,0.03808244335631112,0.03775899833966583,0.03811068520849517,0.03810987813662569,0.03822811423157641,0.03808925514106763,0.037815376294518414,0.03767100306015333,0.03768965564979032,0.03769499407517081,0.0378901661602374,0.038172871186895885,0.03801559827990052,0.03802124709199512,0.03816045435043287,0.03781530006644055,0.03790635707953548,0.038034663930113725,0.03829998164967257,0.03802457307312138,0.03766679606479841,0.03813502131838531,0.03788334610654795,0.03813876450892602,0.03795441611113113,0.03817541941807318,0.038106473501176664,0.038022630972076775,0.03782457844602767,0.03775112561010388,0.037813072450805355,0.03772797688716191,0.03780160556460463,0.03787951168275558,0.03808994207070839,0.03802404027245092,0.03764165182906487,0.0377662009993199,0.03829475042480482,0.03802744642135238,0.03786721349414295,0.037893249778192126,0.038104829689197116,0.03786271029249378,0.038032859386737915,0.03830097399444589,0.03816366830829718,0.03788691322117161,0.03799750117676235,0.03804885831853077,0.03815202331956839,0.037838762763688985,0.03766654634393074,0.03776389981978431,0.03799452249329076,0.03804316239461286,0.0380277521222426,0.03792398604736268,0.03836436967782959,0.03803219867711787,0.03795118239370385,0.03802048918127452,0.038105580725586286,0.03807004735067671,0.03789947973980902,0.037759414856691584,0.03794693914325851,0.03805297684004598,0.03787106918163047,0.038109309867743274,0.0377596650396131,0.037897220115648084,0.0381373964006364,0.03786155037131115,0.03805712289972084,0.03800990060167838,0.03823010819600906,0.03789868567090963,0.037758949591885096,0.03810051318640448,0.03811936621758212,0.03821238792225589,0.03823850250656589,0.03764821673563578,0.03788407096486928,0.03804752486695302,0.03826166236850293
wage_a,exp_a,0.0332305189148273,0.03301994848549588,0.03319265552643365,0.03305077076998817,0.032960898149967194,0.0329950827225557,0.03303703284025836,0.03301743269547996,0.03320270994068552,0.03319552435435867,0.032962671285640066,0.03325058168641291,0.032868589234655333,0.032839851950374255,0.03284562227370915,0.03300198707895661,0.032716748031650845,0.03322756768949084,0.03313199587339019,0.03269625747731289,0.032869805793549686,0.03293920890263561,0.032842963209013594,0.03312264294047004,0.032944060209319344,0.03321779471122229,0.03302898685120776,0.033163683492188414,0.033141975152833444,0.03318380653352981,0.03298589704796356,0.033016301152633674,0.03311713013203472,0.03292076904557065,0.03299657934827652,0.03303514628791509,0.032698129308589605,0.03303311135757516,0.03297661691277738,0.033121549512186134,0.03293265470259698,0.03317388530445646,0.033027498061932545,0.032873973730558455,0.03311189594966611,0.03303984636897911,0.03277486936597917,0.03297180427660861,0.033065113514974,0.03319540190845222,0.03253080443684397,0.03327873896255244,0.032955973560530684,0.03327153870245099,0.03303718027160098,0.033132945970502134,0.03302637351901139,0.03304574673539002,0.032920710317418,0.03303071692589389,0.033094438153489954,0.03315018842298285,0.033096679840688224,0.03307263495386977,0.03315409353235442,0.03293556991723706,0.033061892921555244,0.03298271648854686,0.03295800520304982,0.03296843582680737,0.032965067307639574,0.032933496252047806,0.033043473589677005,0.032975395746519386,0.03327158139307817,0.03306461813996971,0.032881456329406505,0.032974130875550914,0.032943531326550334,0.033116650371191034,0.033164496953132123,0.03318252612763596,0.033058785642125076,0.032914294345344874,0.032906611511024114,0.03314807435327217,0.03300973368051311,0.033118911198236956,0.033025579864485344,0.03308712831872425,0.03300667423887247,0.03310384653416702,0.033024285441670694,0.032987951782490234,0.03294328101148393,0.03279150348316815,0.0329564687910709,0.03280293723232292,0.03329620549864502,0.03287270699647475
wage_a,exp_a_square,-0.0005097324310180875,-0.0005126517938615959,-0.0005054049344090823,-0.0005019259583785801,-0.0004891047946077458,-0.0004990857342624597,-0.0004956177305111402,-0.0004916919001835228,-0.0005025741235009318,-0.000494616306895835,-0.0005151870680687684,-0.0005147236536486529,-0.00049282519334698,-0.0004865601806005128,-0.0004904626678230335,-0.0004999885343730529,-0.0005066939519592338,-0.0004910602768979822,-0.0004925124004675069,-0.0005114799384932197,-0.0004976622244429012,-0.0005032646464158502,-0.0004920049090617373,-0.0004860253631927335,-0.0005004373393082426,-0.0004993693651805868,-0.0004887245360789738,-0.0005034125086183928,-0.0005012159589538089,-0.0005043616625886881,-0.0004883387058787427,-0.0005074723595717933,-0.0004915817989543401,-0.0005005337955593927,-0.0005086922571271535,-0.0004779138178721363,-0.0004949891230414625,-0.0005125434608685358,-0.0005111540453563058,-0.0005010615645324918,-0.0005122155045065955,-0.0005180727297099661,-0.000510340676733303,-0.0005115967346545742,-0.0004858238066164182,-0.0005042772871901034,-0.0005058799711553023,-0.0005030794140285778,-0.0005092427255264746,-0.0004800076331252413,-0.000508135966287809,-0.0005067985430149805,-0.0004929129692743254,-0.0004928235221102548,-0.0005037175595072823,-0.0004956214737796353,-0.0005091244784678357,-0.0004985105560318592,-0.0005085966367012066,-0.0005257886771513434,-0.0004942394496425247,-0.0004882639699725964,-0.000514179473336488,-0.0005011479935793787,-0.0005215109501329026,-0.0005038433682491392,-0.000527577677146806,-0.0005012731429442321,-0.0005007291735907612,-0.00048788796746677444,-0.0004959304111750382,-0.0004786651970752382,-0.0004890788147448636,-0.0005072690567115218,-0.00047937553220119645,-0.0004962487459405575,-0.0005120001347859191,-0.0005055380025898551,-0.0005054837490395346,-0.0004902877599925288,-0.0004983924278331323,-0.0005022652357133808,-0.0005254884434466292,-0.0004908947568769659,-0.0004925019458791702,-0.0004929967371941798,-0.0005074253565200052,-0.0004988113754611127,-0.00048260807812852913,-0.0005002348353816805,-0.0004912039775409421,-0.0005092031073766704,-0.0004941469957049251,-0.0004789107563295344,-0.0005026002184640934,-0.0005111140450385392,-0.0004966690551584005,-0.0005074144833420471,-0.0005003072429343464,-0.0005011311508563235
wage_a,exp_b,0.0019185749663760893,0.0009414400456444656,-0.0020324671177501933,0.0006067550863958701,-9.662522079202693e-05,0.0017836927752807362,-0.0008440997665866469,-0.0006838618249773849,-0.0015347477577898703,-0.0001978807775509546,-0.0013549395954548194,0.0003760895189198014,0.0009374786187269294,0.0005667424517946446,0.0007990693523593636,-0.00044635203536054995,0.001120682065877738,-0.00019746060210842033,0.0010238306125372818,0.00035484621927904265,-0.0011715725187120643,-0.0015576064048376007,-0.0022984188337068175,-0.001650698492501079,-0.00011440238572935721,-0.0013298398742067326,-0.002105860400788368,0.0007588550866083436,-0.0002933688471474681,0.0007313752914313228,-0.00013154662312680335,-0.00013798640217844868,-6.0490956700538233e-05,-7.172954395908308e-05,0.0009382722071572084,-0.00027187509133920403,0.0014395969832433494,-0.001964444865976532,0.0008268337472159726,-0.001261963152642745,0.0003317371199497179,-0.0025441823023522082,0.0001066736262883829,-0.0030204064130421615,0.0018221944488477006,0.0014442576143017809,0.0009100318007964119,0.001511365710216691,-0.0011612431265948808,-0.0011042139624565077,-0.0009753232103050723,0.00034324679198090324,0.0014469219810721572,0.002557136369566697,0.0006123335152086448,0.000680093982783224,0.0014700567534420986,-0.00027619482039908174,-0.0007424556852647625,-0.0010347663035292034,-0.0012954758647138606,0.0009763132489247995,-0.001155319130612744,-0.0006931674944433568,0.0010030894125314079,-0.0005436051023595242,0.0023170972887440553,-0.0006853119142017611,9.29023950804607e-05,-0.0005315505427235301,0.0014800823261100736,-0.0003750858179024066,-0.00018395918732108744,3.3899896372179067e-05,0.0017000423706284597,-0.002053728163353596,0.0006309532377500874,0.0013551616979878903,-0.0021144737850087637,6.083270168648711e-05,-0.000496115148578195,0.001185830559719652,0.00016193012140391618,0.0005461459822712411,-0.0001303007067042676,0.0003601159149169238,-0.0006084119813073292,-0.0025866660583045353,0.00021296136000692695,-0.0005409369156723229,4.762667190044618e-05,0.0015194244321987892,-0.0002038919369817539,-0.0007509775823202321,-0.000361271603974826,0.0016387760871412766,0.0016819053536602853,0.00111365550211818,0.0015471082351537788,-0.0008203575330852908
wage_a,exp_b_square,7.867257052843353e-05,4.336868219521339e-05,2.8041980936644444e-05,5.425887959135443e-05,-1.5761694369530394e-05,1.266307832944665e-05,-5.2289789275328546e-05,5.1967127614024585e-05,-3.072870653657066e-05,4.0899226047947493e-05,-1.0853309541356947e-05,2.2507200807923932e-05,9.168512590695808e-05,4.308004692958598e-05,-2.4573783016005127e-05,3.9979680261108224e-07,-2.7656759221714612e-06,5.426917769716464e-05,-1.0335423693097749e-05,-0.00015786319776156011,-5.2395435298760534e-05,-1.3850842627423318e-05,-0.00011467614441323988,-7.484938131413371e-05,-1.4035702869246985e-05,0.00010708380419977984,7.650458867843118e-05,8.764825020231782e-05,7.034457004743073e-06,1.841458511651448e-05,-0.00011402733680089122,5.580558627562753e-05,-0.00011155951943539363,-4.237226068456293e-05,-5.403492738277267e-05,-1.9649786792612037e-05,-2.5312165803299534e-05,3.362832162837439e-06,0.00012888509178297496,2.1878599786590944e-05,1.1527125799923416e-06,-3.5559154574336705e-05,4.565661681493781e-06,6.204475491082377e-06,6.327106724547183e-05,0.00013306516153766535,-4.064494657217799e-05,2.7134179655435143e-05,-0.0001249372310948293,4.474133926517315e-05,2.412752064255053e-05,-3.4762063582561947e-06,-4.001788809738942e-05,5.261724281997217e-06,6.6770288015808e-05,2.8348806005738874e-05,-6.570310080463018e-07,-2.6132859546026104e-05,-4.288176572463936e-05,6.523870550702625e-05,0.00011582328801744975,-2.7753314645856197e-06,-5.091557224116182e-05,0.00012981602853943667,-2.5911119720264972e-05,-2.8235752244302456e-05,7.3987497409395675e-06,-7.950913148731188e-05,-2.1468147175010746e-05,0.00014845602069467787,2.264436868438387e-06,-6.24810461212274e-05,-5.543323543568547e-05,-2.2216202676231892e-05,-2.610863033094388e-05,-1.1487278344865045e-05,3.482321196738311e-05,-8.834157905345182e-06,-2.5792290161894362e-05,2.19686136441731e-05,-6.158225723086171e-05,4.9849921776077386e-05,-3.863278410828927e-05,3.2163646057856576e-05,-4.3582215824720546e-05,1.0563986935472253e-05,-5.042787332720919e-05,2.1796077228196934e-05,4.603296898276218e-05,-4.233612885093346e-05,2.8982800727107356e-05,-3.6114113140603094e-05,-3.8117476563992615e-05,4.451411110570681e-05,4.594956936236853e-05,4.903233725735652e-05,6.200624703326363e-05,1.816281490353527e-05,0.00011210478669464588,7.085558867168659e-05
wage_b,constant,8.480859847261163,8.481597564289777,8.477337114690553,8.478606820813438,8.478452094126162,8.482635978650618,8.481058735140442,8.480257415840997,8.479028244958263,8.481849699552244,8.479690525579775,8.482714549215753,8.481029585193914,8.479895319109858,8.477825467738425,8.48375846627146,8.478109230570158,8.478418510873638,8.479670604024305,8.479539277109978,8.478004110657746,8.481160433430574,8.478323192542506,8.480700893564205,8.481307395164654,8.478472623073941,8.480486053881378,8.481275130497925,8.480672032899646,8.480467244974472,8.478978866343509,8.481173589811776,8.48304184680787,8.479643396539181,8.481481207697238,8.476982764206932,8.481852896347858,8.478347693949514,8.479494487819276,8.47900408188211,8.477331687986833,8.482485958198176,8.479370254440333,8.480146343998342,8.479971977148967,8.477879156729719,8.478444305261219,8.477280751263205,8.480037730318058,8.478786706491372,8.479303984132066,8.477649922991889,8.481516115429233,8.47763468608593,8.484159478799238,8.478240147874626,8.480346751402475,8.476775639786656,8.481513265155588,8.47832923626968,8.480133003858702,8.481222810521588,8.478030218148696,8.480243976277716,8.478511029093255,8.481337065746729,8.481123894937362,8.478235666034859,8.482069474890134,8.476089009241356,8.48205463101315,8.480281562073424,8.479534461996789,8.481334327201898,8.48109011093926,8.484248519534479,8.478881774577147,8.474927186704434,8.48286045586847,8.482034746357742,8.481157748448403,8.480079505088723,8.481034577449446,8.481470567565722,8.479393963577328,8.481405827925661,8.481285265834822,8.48054662705424,8.479527811386811,8.480981680021328,8.474802264516468,8.481434633873599,8.48239664930644,8.478653839601968,8.477774795519911,8.478534654537304,8.479015078807647,8.4822614999687,8.480205986975287,8.478930267675606
wage_b,exp_edu,0.06989666458720546,0.06994746853995663,0.07002749516958069,0.06995666508179336,0.06998982678326209,0.06998664880381811,0.07008994812929237,0.06998236047210195,0.06996228888820102,0.07004309991324621,0.0699271162394795,0.06999219147481336,0.06995417327784353,0.07003073598932165,0.07011037980699977,0.06998750728546957,0.0700747969262476,0.06998973230038479,0.07003820841980325,0.06989381556642514,0.06998396509367458,0.07012697037295264,0.07002541770960075,0.07006918526154304,0.07000111938023185,0.06999953698471756,0.0700956125193108,0.06985822908973137,0.07001754757660938,0.07014994754322061,0.07000425442932187,0.0699181521328125,0.07009762539340177,0.0699364126506185,0.07005001653238178,0.07000960365735041,0.07015519898345374,0.07003010460946096,0.07009368723861488,0.06977086102796452,0.07021871575598297,0.06986504171391132,0.06995613354027135,0.07015282074501417,0.06977502755569291,0.07008795281637754,0.07010314901705306,0.06998561717330377,0.06993763071581455,0.07008087038059559,0.06999472557758572,0.06989491917822956,0.0701386958727539,0.07011959717990521,0.06999798649848772,0.07010123399401795,0.06998047440554321,0.07004535394933967,0.06997543760386395,0.0700013673920267,0.06991644279737773,0.07017211789840071,0.06994859449631129,0.06988010216529585,0.06989919264469589,0.06979150279013774,0.07005422973057909,0.07001542649330102,0.0700781289987992,0.0700016860284158,0.0700772118276341,0.07004866435850268,0.07007266997439734,0.0699775228307513,0.07003603431450471,0.06991296581690423,0.06995605151827061,0.06991032736007817,0.06997805006555355,0.06993333411714545,0.069977630353358,0.07018655934180124,0.0699556534258729,0.0702002741473834,0.07003311723779443,0.0699697520624417,0.07010156315263118,0.07002891758178591,0.06993652996395279,0.07007755513428637,0.06998395470752461,0.06996531366395334,0.06995828088391902,0.07004910056283907,0.06994139443677388,0.0700827989811742,0.0699488900743355,0.07001052812192661,0.06999712330907185,0.07010067023246236
wage_b,exp_b,0.06717051883639688,0.06687417054499993,0.06703018336670855,0.06717799461198448,0.06698103316512861,0.06719848518100044,0.06691798213757139,0.06703867835497648,0.06706643997928403,0.06689573236045775,0.06669146125916914,0.06697056058127941,0.067215901536365,0.0669434102037541,0.06710798618716537,0.06686901421992089,0.06694300049651042,0.06685161564496137,0.0670802585285555,0.06707313742861548,0.06706882336230797,0.0669070622573001,0.06707035718587058,0.06689531131385502,0.06697339805284298,0.06695425264271132,0.0669480559195515,0.06677953224305423,0.06704707047059691,0.06707637873225364,0.06704041586917352,0.06705330769325335,0.06686638406147148,0.06685456674693745,0.06700497546624236,0.06716127540958372,0.06687394385848998,0.0669869402919194,0.06697492697816723,0.06699904869222831,0.06686164251659614,0.0669431864231546,0.06691074174347854,0.06714185343148098,0.06711799320125111,0.06697410879622848,0.06703801681264743,0.06685214866320179,0.06700337390026515,0.06692535180381118,0.06715102534436292,0.06706220635036028,0.06704774959735628,0.0668387818294315,0.06698966909646795,0.06730990779539052,0.06722800140430232,0.06705209205882526,0.06685593108186669,0.06704985762209704,0.06702314770702854,0.06698899263611612,0.06697460780295107,0.06703520403698147,0.06714508259532252,0.06709492304136891,0.06702803610011009,0.06720124227691698,0.06678773819099636,0.06733321685509319,0.0667736918352201,0.0668819205744558,0.06697272009607334,0.0668264160317323,0.06704411889579709,0.06676695077034249,0.06692031764100045,0.06678354190865998,0.06707483694500387,0.06706099158323865,0.06695671048938215,0.06687616018109785,0.06709311316659025,0.06694240005239938,0.06711549357028859,0.0669957534501966,0.06700901435050878,0.06673351683562855,0.06705177116486857,0.06694630318887344,0.0668961945555821,0.06697669058164242,0.06695813905853408,0.06698938797607637,0.06728604708335757,0.06695145071376217,0.0671054829564552,0.06701857195244688,0.06717106882206902,0.06694792241679089
wage_b,exp_b_square,-0.0009944907213567053,-0.0010107764648158602,-0.0009863114545658374,-0.0010132176252256053,-0.001001134924779821,-0.0009974796288965953,-0.0010206357181091002,-0.0009874506550957753,-0.0010003351110463036,-0.000985080727441225,-0.0010014349463899057,-0.0009926913514549393,-0.0010026751590730483,-0.0010165856878814339,-0.001009199008962009,-0.0009990318127792027,-0.0010043911512552018,-0.0010061093790964008,-0.0009998965853519402,-0.0010005726715367033,-0.000991735399914714,-0.000997332455385944,-0.0009914368570197126,-0.0010048275624106532,-0.0009995387856098746,-0.000998972044231552,-0.0010096441302277256,-0.0010005542831150133,-0.0009981609254703558,-0.0009950706608303323,-0.000988312251536629,-0.0009983466879304034,-0.0009844221465313584,-0.0009955998659544455,-0.001000070377200665,-0.0010145929633121374,-0.0009901614680081678,-0.0010035866085261972,-0.0009999986438358741,-0.001006099438195144,-0.0009914859741011928,-0.00098892922307772,-0.0009979570386676041,-0.0010066465575426877,-0.0009930260982440652,-0.00100585236934137,-0.0009955798850668875,-0.0009937381231413685,-0.0009829850681104355,-0.0009979454440396788,-0.000997578866932734,-0.001003285407998685,-0.0009882481183234456,-0.000991797367955663,-0.0009829580762718325,-0.0009903473346704163,-0.001003121245267231,-0.0009980281912109002,-0.0009962813535891071,-0.0010011654197238137,-0.001019852871217641,-0.0010077763791388186,-0.0010041865364309383,-0.0010111476247014618,-0.0009859692560293288,-0.0009882135027172857,-0.0009994783780840906,-0.0009968994459716406,-0.0010122568610878072,-0.0009997907220256454,-0.0010007963980950894,-0.0010100399887923623,-0.000998926659665006,-0.001009282310822687,-0.000994693913112546,-0.0009951893503462777,-0.0009964444609747406,-0.0010009560785753707,-0.0009938259302806518,-0.0010035509037650968,-0.000991457171378362,-0.0009894726317492184,-0.0010090183840024737,-0.0009942687094392205,-0.0009976820054396736,-0.001001442412648042,-0.0010005177688258693,-0.0009885413140665008,-0.0010091689092301963,-0.0010132477256788093,-0.001007097389570979,-0.0009954273260204065,-0.001000558866762013,-0.0009966875558520935,-0.0010010996985177437,-0.0010155988629337051,-0.000996071766855255,-0.0010034927412642949,-0.0009963913880051498,-0.0010060293857361282
wage_b,exp_a,0.02181939484192227,0.022490244165496727,0.02227194940265064,0.02228591794569225,0.021969368194687984,0.021678491436556115,0.02130647230038983,0.0218149636217578,0.021285911234881355,0.02220272340823684,0.022176351965336044,0.021929930731951805,0.02229263390940263,0.022036153126965323,0.02129907445410178,0.021558393635758462,0.02165384985420564,0.021830269337906,0.021350868265892598,0.022106645566895084,0.022012094847812056,0.02211952769282246,0.021931847943880145,0.022410648313489455,0.021953834969979873,0.02113617750626508,0.022456405978692084,0.022160847353139997,0.022370748089617983,0.02266492803160494,0.02134557167319252,0.021711101913512432,0.021389080736142638,0.02192093839478646,0.02243907432318953,0.02144230774031832,0.02197302022120124,0.021540913983345747,0.02229935345067338,0.022400127987571967,0.02131451573212744,0.021986402174823283,0.021716720658454203,0.022667731114066392,0.022635326677565203,0.02211583491413618,0.02277388623877494,0.021840307428500384,0.02250775985584442,0.02193412499523717,0.02171206774205137,0.02262470478852666,0.022191810725166915,0.021394080173994308,0.022451360702568045,0.022211349812642302,0.0221064482796367,0.022248004608562157,0.02173451734166482,0.022101845162736312,0.02235801904433763,0.021357515169088775,0.02155040784163346,0.022401824320668888,0.022120455726654574,0.022031402992689915,0.02172804863905799,0.021784556674911946,0.022455672398486577,0.02192094662411545,0.021392555711956054,0.022505823150869235,0.021668157658219014,0.022375744789995152,0.022473553833150806,0.021986713173953443,0.022099750055708592,0.02202736107273796,0.022127267249123096,0.022423321874371054,0.021769400963079888,0.022477588735987077,0.02206819877645651,0.021520068732649195,0.021700496303669183,0.02209718459673685,0.02171676599986205,0.021552110331162517,0.021605243070879753,0.02240587487500718,0.022103601321092986,0.022717468077055394,0.02184119509966086,0.02209681567233144,0.022100288607685,0.022117687148407613,0.021375312762480395,0.022270195289425834,0.0226510941597097,0.02203481490884834
wage_b,exp_a_square,-0.00046439085334935203,-0.0005280327680927456,-0.00039991018650414965,-0.0004817659180161876,-0.0005569551280872132,-0.0005091572331142314,-0.0005434172307974359,-0.0005108838187387511,-0.0005379346339238934,-0.0005480687623295784,-0.0004809373640754666,-0.0004524259731857527,-0.0005240554261031292,-0.0004938463393204714,-0.00045317971610313567,-0.0005093107456809211,-0.00042627155064764774,-0.0004655201928003149,-0.0005328221667048138,-0.00040758427418868375,-0.0004788931154056912,-0.0004169288531395916,-0.000615009316978086,-0.0005084906650286188,-0.0004777145323267261,-0.0005601884749625758,-0.0005007317145235099,-0.0004953335853890494,-0.0005091049966109099,-0.00047414371924881985,-0.0004791207265196548,-0.00048657355237086624,-0.0004716253016039991,-0.0005087551570993601,-0.0005210121125644435,-0.0004400809166704142,-0.000577775315515751,-0.000528051563224732,-0.0005354175979654711,-0.000527866097361748,-0.00044240887783537816,-0.000498118234354355,-0.0004943993448285838,-0.0005183167998070136,-0.0004947170555258793,-0.0005220107329390801,-0.0005193644921998363,-0.000521164892053946,-0.0005123741235415779,-0.00045767831457054967,-0.0005290643349999911,-0.0005318049346524453,-0.0005535169008064743,-0.0004702138397200693,-0.0004619480649335627,-0.0004886653251476695,-0.0004808890628012945,-0.0005368287223322972,-0.0005118293479992686,-0.0005289586361883061,-0.000492524806613757,-0.00044732542195457484,-0.0004507926815690802,-0.000486763443363333,-0.0004645840333796309,-0.0005376467612981229,-0.0005103486077927346,-0.0005201957742325489,-0.0004990862794542678,-0.0004445644172289109,-0.00047038871617670173,-0.0004960476655463563,-0.0004652868183605434,-0.00041997292630003387,-0.0005250506889097153,-0.0005244979362285341,-0.0004820079005096291,-0.0005413658272604939,-0.000492606023280346,-0.000545166344510412,-0.0005165831575490448,-0.0005083862896505645,-0.0004655999527358863,-0.000503039338519235,-0.0005512684551929807,-0.00047908628313491264,-0.0005463657703316667,-0.0005546557924037219,-0.00048194596099564223,-0.000519528840936115,-0.0005523621272206069,-0.00044118034291565974,-0.0005478862203926844,-0.00046413289783680525,-0.0005424531536085056,-0.0005177108148308469,-0.0004835733813499876,-0.0004577473841445585,-0.0005141906175561359,-0.0005421066997365843
nonpec_edu,constant,92.2435901318027,32.71944666610725,170.92914272777207,22.734723563509355,-84.93877464206608,-17.807834901769795,-42.136030930307335,240.64144622714417,-30.485972369916503,244.21951578584623,4.715273382240776,-94.51948603013176,-144.25469294936636,-33.10438183242363,-115.80644904809705,34.38453839063507,-21.747307046082785,236.21613029740018,147.54606027853154,-103.9715570132054,-26.66164027769391,-9.64547356985846,15.33750874562895,77.34215278975529,-3.21056243430567,-20.19099746663868,-63.7192581258979,134.57358453920008,-200.89444702831565,91.96490158109663,-88.35544087255855,48.385863076581984,-37.12937149477607,194.66663845485667,-116.12401308777174,-88.68869185385816,122.35684989051873,21.061543025926337,-49.798761820637424,-316.91659205958865,-74.67814798662926,-105.63523473727965,-82.94184786680012,126.08722256975189,114.11410202268439,52.52331471926994,-7.40188926891093,94.29079359678312,-1.0461861912920805,-34.91491134855411,-59.59536283289619,143.77028894332648,-28.717481592691374,-1.7845951159537028,-66.05885644946333,120.01863836574915,-29.692088145584954,-53.13887285551304,57.57116854011552,-87.46949909109561,-118.40702419209421,98.21936901099596,65.61491589077137,22.888422121154882,-69.70313894736547,31.402018315097802,35.406608441576715,-44.66346291584301,-149.47538827357226,117.76835060465257,-10.05427286126692,71.88155685349992,-66.23027076889394,23.11147770148276,-17.94424261821929,-29.996836637050922,-114.20655646886114,-69.2643464782616,-140.95142395790782,-51.61973092024908,64.86101402526555,29.241603438231735,44.65807430739673,-239.17959867520295,46.316506444034076,0.7972893315701914,-73.5858359197504,-93.49908441002668,-89.65371821179843,101.21214452243092,211.04406129392413,136.41487626394883,-39.24322776045011,77.29519118366811,11.670879741086907,90.18901865524576,-4.080180249014281,22.741969972826176,79.69619932245106,-128.02156988430386
nonpec_edu,at_least_twelve_exp_edu,486.53000384937206,549.664032160698,461.6459281235894,248.14140554988836,539.4354985155478,539.3789083225041,382.74814837484917,446.05033102142465,539.0354631260766,428.5308658791015,535.2354079208595,659.2027548243736,517.9852628388404,562.0226263781221,612.9653028481109,290.47113398262616,428.24987099718226,463.7070367166007,403.7188093924363,484.7169013905047,423.7395261978197,285.40386565809735,341.63806378686587,639.8269212606046,591.8861839156509,712.2658791308123,206.07362377953763,604.1074342481998,439.9559782346813,694.7397360462753,616.5436212773559,498.9734378844699,681.8039404252326,540.9271986583598,486.1720100867881,560.122224034139,479.61550149866304,486.61716938624124,540.2705916312486,425.5131022436291,432.7983833679681,429.2080348098617,477.56107931366677,552.7213978954046,458.3211795522455,279.60951380179984,464.4312749550431,203.4232001362352,521.5205465400119,406.88831276701995,757.9833108629914,395.3694813318636,493.35302943602176,870.4071382087961,585.7210160883021,487.32371005015887,393.83759066499834,734.2590732045741,482.12581633349873,377.4490405832342,444.2917184137403,284.43503404848093,709.0075297193939,585.8914680597882,297.0056520750094,395.2381082333702,463.3621142719235,359.9356595636232,317.39789507126795,221.2564383702545,69.06479937170081,656.8749445000562,713.4060637989473,710.3151271674722,815.6513697525542,223.3048073324739,690.2341133242858,354.7648568768726,430.07898504090036,504.5232190782216,557.1675682390025,554.4461490664696,596.056405145162,304.677715207543,413.04539703452235,781.9327635364868,514.007283000044,583.9521264735532,774.9503502109926,326.1853661889308,392.3865327758769,563.8934971940301,379.73821076645754,565.9412611895093,572.7699301058045,288.0314981543577,210.89072414166554,491.43358242416707,258.7325048387156,323.68840808523487
nonpec_edu,not_edu_last_period,-4014.333577124491,-3897.107569673516,-4175.75141721586,-3964.681278473183,-4084.5957504063153,-4742.371499237303,-4238.322624892973,-3864.2811935591494,-3573.0169534133806,-3715.7058067723406,-4021.352667637415,-3933.6481575666116,-4267.541602140808,-4475.523349526006,-3707.240029632774,-4342.556343409555,-4545.628072671431,-4553.030437686371,-3436.9931100051267,-3500.6021395610614,-3199.815073404614,-3845.2200680219976,-3495.353099613333,-3828.142957339593,-3882.9867015801246,-4533.067963843644,-3981.6749751175503,-3813.5778314638164,-4002.3879540668904,-4116.481322997865,-3613.2821340314476,-4221.925695786962,-4331.206371050555,-4320.829043963669,-4389.665274672882,-3904.695360644005,-3955.198849811697,-3596.5884190521197,-3761.385468856014,-4602.478989158112,-3819.5764550205954,-4419.990055990241,-4389.742169217758,-4450.812490174285,-3679.7001822885627,-4372.030858439344,-4106.873912393828,-3745.0548082980386,-3873.662669575955,-3684.6510267368258,-3955.6345738260916,-3562.502173557614,-3691.6123677614196,-3730.0179932247997,-4158.108338639215,-4058.9824137445385,-4362.090493153979,-3780.802952447415,-4104.868415146342,-3423.2753661762417,-4012.874854760835,-4347.093004058834,-4680.783750714155,-3261.028451754012,-3789.0128112009243,-3759.315799198056,-3470.8595010923455,-3264.583643866865,-3992.2083992455937,-3464.164482436273,-3813.6625444348106,-4113.6098894430925,-3828.9059739448708,-3805.4071272232645,-4072.577485503013,-3903.607143855957,-4168.539683480624,-3996.920038697698,-4107.895791082209,-3880.753332710042,-3821.8329133286416,-3647.699473020622,-4485.237442864872,-4272.31001452063,-4487.683085891072,-3716.269558552095,-4475.409372423623,-4481.861936338275,-3818.5669898399847,-3810.162449265275,-4040.9814569818564,-3716.161271720487,-3953.830767645593,-3716.1949724594233,-4513.516556561095,-3995.092869686617,-4569.991091858693,-4117.828716954612,-3987.534082812634,-4585.800299601285
nonpec_home,constant,17580.49049531657,17803.746839558782,17816.401951230044,17723.509561524712,17501.92942831679,17747.099403467095,17736.086260064505,17887.68929820337,17646.065864200507,17706.18072112284,17637.78595283375,17827.24125925585,18119.197534343464,17602.892340973074,17896.421918195138,17633.04037207056,17500.05273737501,17577.381350546817,17990.934383062537,17943.791008557517,17661.66812449605,18008.14446204788,17914.74554552462,17723.838852582747,17737.252382212042,17802.70279125722,17590.589819643883,17404.034949947938,17650.395471375305,17406.79498983954,17821.926861708616,17770.570343697647,17676.367898863642,17872.887403234512,17582.305588283885,17640.180518306817,17663.084573522967,17613.857509789897,17534.784244844985,17929.078287440952,17535.03298205468,17826.017833810685,17563.49535833245,17384.15893094285,17772.90343597781,17960.3825764908,17922.097362584063,17683.74576803465,17444.037147910807,17884.306465741593,17887.248041699822,17927.964378429035,17819.79106764775,17888.288727488027,17951.520543829454,17731.55747641489,17773.127798151392,17752.443681478846,17829.73558190841,17825.659029905684,17758.09958036085,17900.752536808686,17752.30347769328,17898.512478605775,17658.19832082087,17603.542494580623,18048.744272862474,17853.244491012192,17647.60594995285,17782.60371217039,18020.009188435084,17527.397078146787,17530.312070534117,17798.210283894154,17629.62030470807,17864.969370440365,17777.295946212496,17818.276421221137,17553.12014784146,17531.08469302926,17800.71442649082,17713.710424111498,17534.09872487632,17697.683152402165,17820.888922046535,17610.17257450282,17949.956058059317,18011.295200225035,18031.308127161006,17847.476968771636,17712.300616916593,17854.136639901422,17661.075206051948,17673.144483422624,17792.71364642778,17788.16502976197,17935.762747325985,17645.047036884276,17865.489900385313,17998.5705042116
shocks,sd_a,0.1907582110738107,0.19982008513266178,0.2012131969734248,0.2030246305377939,0.19729638212612025,0.20318966443700007,0.1989595576047243,0.2037161362562243,0.1942533754604065,0.19589089720967906,0.20625137675355565,0.20083406335129908,0.19937613726553918,0.19712817439987676,0.20115516084229496,0.194639234751869,0.19852615746961727,0.19862602485677566,0.20081797364846257,0.20116269697613284,0.20305897327764388,0.2043740264286024,0.2012411380192075,0.20059167233348763,0.1992299804986225,0.2054995559907709,0.19694271800809224,0.2037621289488159,0.19852105752352533,0.2003655348254459,0.20142045380958615,0.197846885500822,0.19711055667989824,0.20006378857030477,0.2024387164585352,0.2015081176372207,0.1964595961180418,0.20385737680004606,0.1998475632676902,0.2048403518827378,0.20040302431368678,0.1958795645262355,0.19750143265966286,0.2031643524569476,0.2016245771959262,0.20375969870207597,0.19867318239757653,0.2002107404699636,0.2011591866916213,0.20071579022158176,0.19779788743949608,0.19944658211813396,0.19795866591121503,0.20305341853358583,0.20665003369879897,0.19549451682681368,0.20169469050987138,0.19868121765748478,0.20095936321477148,0.19805263295885128,0.20116412669393946,0.1990135504133364,0.19838193427803535,0.20405507799420228,0.204728306607579,0.20086575119280967,0.19762695666216556,0.20464974075951323,0.20202775306535362,0.20203376961837002,0.1975986114000073,0.2028643519561416,0.1978820104724585,0.20100844699961745,0.20166663973416038,0.2019521326304998,0.19916411243037477,0.2021172230594794,0.20389538975909044,0.20066273982226837,0.19598529121002634,0.196606264870556,0.1962436310437072,0.19716967433891971,0.19656972212986065,0.20229940231242755,0.1947273309225772,0.1978961049088855,0.20351099742974338,0.2058056850975547,0.20080222032139797,0.2059448148997225,0.19486410442614513,0.2048935098624418,0.1985234602681024,0.20251387385613034,0.20264065084883157,0.20324093903912663,0.1996877439692516,0.20444182227467922
shocks,sd_b,0.2590607405755225,0.2482211149946499,0.24815556320133664,0.2597794978483987,0.25554950238777985,0.25582650330752094,0.24002446975389974,0.24865334773146314,0.24704471527913643,0.2477450702508101,0.2530349789347654,0.2529219761366116,0.24994000269541147,0.24848467865704618,0.25191624914727345,0.25066892083793074,0.25056299619858685,0.2515014441170528,0.248836405898839,0.25330835139642566,0.24955357733015432,0.2536067552332413,0.2588335490530067,0.23933447863958182,0.25264741950053876,0.24490693215977752,0.2505309528863331,0.25185771964063713,0.24731083748383137,0.2562243020818448,0.25152542993014054,0.24775672332594242,0.254103415676508,0.24450068933959385,0.2512206575661352,0.24430737586284096,0.25503928487241456,0.24708782480891114,0.2518369919498906,0.254027469207566,0.2529942092105083,0.2517890632847873,0.2541143747406065,0.2538881399377506,0.2515188919605275,0.2508258767504353,0.24998892711946194,0.2561129753736808,0.2523532108887873,0.24773057796959053,0.2508999632671437,0.25590071489552446,0.24548862894127021,0.25453020118288106,0.2541685701424911,0.25041909672003204,0.24332138894732205,0.24694724870307017,0.2576188827811047,0.2430649238002774,0.24860520187265164,0.25279975430734264,0.2470240585191623,0.25920778258876387,0.24555349639916907,0.25051082332612185,0.2516871931055061,0.24707090675747317,0.2511193207945534,0.25006292235895305,0.25328477694415275,0.25152031348093773,0.24981395122869837,0.25266197437107185,0.2507049027131957,0.25082187747070633,0.25188302459167816,0.24604193027880641,0.2535409667394027,0.2511484117242757,0.26020052107416397,0.24726096316699187,0.24962907468523468,0.2555406658627647,0.2518069355344432,0.2539981193437298,0.24910553166359753,0.2523387521072404,0.25714634334425396,0.2473046283892836,0.25430524739799637,0.25825429310490516,0.24106219311895857,0.24708721983387133,0.24516927272405514,0.2538505486555348,0.24385777331100245,0.2637858282689331,0.24904935826711078,0.2557918617134043
shocks,sd_edu,1455.958381741951,1556.80361809962,1626.6314962790661,1732.882579402495,1602.6363904420496,1343.9023899451618,1814.9316432089913,1669.2196286262636,1390.2835936908818,1388.782641102442,1757.4247544730547,1250.3626151030057,1574.3453130113578,1371.4563848464795,1705.6087962636327,1424.4862458720213,1635.819550028271,1310.5534792219773,1489.8575690539078,1686.2878295881767,1443.069293997997,1284.6140044876486,1583.4011732370507,1649.3285250195663,1373.06528927005,1473.355860243714,1779.9368746273142,1747.6104269478478,1618.8508484267445,1550.1100151856704,1697.3846520025877,1789.1529305043837,888.2787231286466,1443.2046301018474,1533.690667846926,1636.1893394526257,1204.2867621404012,1444.6320761896793,1372.6952110434606,1457.9431472710294,1498.8954330266452,1589.926081450622,1497.9432337880892,1566.8629750620958,1545.3743813225888,1460.624568381897,938.1121806242146,1312.2207733975533,1398.167626861204,1271.212934681346,1554.476115907498,1561.744010064819,1500.0509896938663,1398.558884187291,1585.9207059998748,1308.8462582471252,950.8129687441793,1636.8667303802188,1469.024049222884,1612.968253401384,1304.6042924391052,1165.773983222225,1432.3214788496666,1611.8167077515081,1224.0872891541699,1313.2623273492245,1474.7815296083659,1567.253090240757,1647.1240183097966,1232.3094295343183,1569.247085580768,1437.607319611055,1595.9554988086477,1319.284302958487,1515.2686065620856,1293.8474509338794,1046.1707533253232,1492.8677683681403,1303.8964627647435,1577.1794346503796,1520.0142332983871,1664.6407764624576,1440.7884962563023,2002.766147031515,1508.316015079644,1488.4227268980003,1646.6565362540239,1539.9425403694001,1423.290861100503,1494.1221983702687,1307.9254975077404,1441.1418773823398,1089.864388156306,1479.4940775320952,1369.3445889639383,1514.609681782184,1087.6311549662285,1530.1982098501596,1381.2668700111867,1542.614298982987
shocks,sd_home,2126.570530618502,1548.2811959254918,1641.3739842026694,1491.643399452905,1635.4650685220809,1596.1063428254488,1119.3506001299238,1346.2713078866989,1464.2375055949906,1090.770569769876,1373.907879555657,1231.8071163781078,1869.2812139739394,1352.9604700039108,1230.1937884198283,1416.3988842477925,1671.4624268094358,956.683055017447,1171.4678102539515,1682.9145377141358,1745.3793915709707,1607.852191922669,1921.5563747508872,1154.7897988207087,1692.4674403419494,1999.2753191460981,1128.0246676329998,1250.071585911898,1542.2241720454535,1355.5517021613496,1679.158898132334,932.810913291188,1143.124237951797,1705.8131022067616,2180.387548046106,2030.082279366239,1963.5558835397896,1090.6357897639155,1120.5404897204432,974.7142680551083,1538.4611073066674,1927.5027122393421,1528.7192013156812,1780.07984058114,1181.901079033802,1893.9857514918692,1180.526775131102,923.8860282139765,1428.6910556613013,1549.8847202874779,2181.0525070156914,1021.1886361493133,1283.6379918428881,1048.9285672501564,1399.8576926884139,1299.7406645259105,1512.0044838300655,1359.5890224552447,2026.579376703684,1790.2464856783192,1890.5548920354174,1093.6488171283831,1568.1470972549232,1215.623082174869,1902.5173543451483,718.9520826503104,1050.1864114746377,1386.2931050168459,1410.745002556573,1287.1970272794917,1030.446656620546,1074.7115298788372,1329.556680654539,2094.932616286617,1206.4370707164767,1739.7442685988979,1266.3817542475635,857.885941868762,728.4812825572951,1131.0371840739633,1465.7342140068881,1749.5443511173805,1719.3238872974046,1363.6041385758742,1481.1672027068935,1821.483172042378,1855.649482785337,1331.5448167644388,553.0796005647334,896.8668692091285,1729.1761142868593,1282.2465596925986,1483.2871188280405,1186.6433838796604,1868.6867426315318,1503.0480853446736,1524.5281380618849,1298.7590446856354,1510.829724830398,461.78035915318515
shocks,corr_b_a,-0.04013606220139633,0.09731600784799582,0.01954705770936824,0.13439036610180788,-0.11540826506284652,0.037416587388634806,0.01100332087940663,-0.0012220218192815653,-0.04182289045499085,-0.028976985792363887,-0.04275665496938103,-0.049005979540472464,0.05379917625538495,0.0003865623005122918,-0.08789780708446938,0.048640896548369186,0.005392399378437405,0.04080829889766487,0.00248168488168839,-0.01601128890166347,0.14132466448137584,-0.1203294782413202,0.0925194897640322,0.09908735680986754,-0.017537506191979323,-0.0516783685355361,0.019377423781253476,-0.05864390453215991,0.05519444342958885,-0.04134886600522277,-0.035052116440555725,0.08899781525900424,0.08175268053381395,0.005811244034505774,0.06962252017224438,-0.02478792110030482,0.1794466751696324,-0.010813192633750487,-0.03426857634321101,-0.10913484423003923,0.1464375467881401,-0.005600090594479173,0.039461887458898934,0.02272612649241434,0.037662750776219056,-0.10424292504608332,0.08994811477570991,0.09075133865639054,0.008287012993857328,0.11612973771339427,-0.03698718788394782,0.016187986086375596,-0.01710963208627009,0.020531778105493934,-0.032896772445710556,0.05832926638418408,-0.09714801655008441,-0.11204346206049508,-0.10252258729764367,-0.06809596458947238,-0.017080930082542675,0.10756507436131346,-0.07917018541907227,0.023377223114663115,0.004515008932818069,-0.02405205563232964,-0.053912696303680244,-0.049876426275387166,-0.1088224680559329,0.036000650274217054,0.02499694826493557,-0.008996056828807221,0.037128043320280434,-0.07767886181193659,0.09854518974866965,0.06546846287219446,0.026033207789171245,-0.020065002833985837,-0.013295493409968516,-0.0028508028513792383,0.0932415490490831,0.07096017165678807,-0.0035486235363741815,0.008583261088216824,0.07321885636428563,0.1031669401958803,0.02288382940574795,0.04247247299566025,-0.023702440748818214,0.09005449081110026,0.06173345820692128,0.008107187261368673,0.07402203879603618,0.06707811474538476,0.05691134017051552,-0.07078949961808499,0.005929221213086932,0.07800428892469727,0.04764286661076341,-0.012514504840937824
shocks,corr_edu_a,-0.00015831644991444213,-2.493949878099697e-05,0.00016277006590766037,3.631687706668187e-05,-1.5471101952019548e-05,6.159101199874187e-06,2.6787692075759473e-05,-2.347908496495206e-05,-0.00016236066978281784,-0.00022659328780256298,-0.00015314356572187788,-0.00033840140493506394,2.4471968785224548e-05,0.00019539140730897453,-5.521335891410865e-05,-0.00026335489827200863,-2.987952415258216e-05,5.14903992063392e-05,-3.295027276334115e-05,0.0001362907477305225,0.00028410319863910214,0.00022876757040430842,8.834145786011969e-05,-1.1792265099134698e-05,9.033950358059909e-05,-0.00039218240828245947,0.0003090836934509284,-0.00014128027979914208,0.00021250694979998516,0.00014603098331698367,0.00012948944281529885,-8.986647102006915e-05,-0.00022773162361051772,-3.244917175665147e-05,0.00017591950336027576,-1.9892125891816694e-05,0.0003288648262031484,-6.831031740657595e-05,5.7779708599648546e-05,0.00037028452325061864,6.403208158264027e-05,-0.00027745504389270275,-1.5938721210180785e-05,-7.109925941789289e-05,1.363877913964342e-05,-0.00010163911697161185,-0.00032377855272636456,8.655973949517187e-05,8.801711485751003e-05,0.00022851019676497038,-0.00018724524384529628,0.00013983056810498595,0.00016381073225978083,7.017358210043317e-05,-0.00013563588789473422,-0.00012741876898140095,-5.647616040839357e-05,1.6737118830112585e-05,-1.0053370622093469e-05,-1.3213139750211847e-05,0.00019882097181951649,0.00025229111264903244,0.00016455777387990646,0.0001884961801449008,3.81542375038861e-05,0.00035765065998777926,4.784061955198656e-05,4.3894671434483835e-05,-7.442193971464049e-05,9.977116455503426e-05,-0.0002704535386807763,-0.00020064255657762373,-0.00018402110581002194,7.901540121052086e-05,-0.00016075780508817024,-8.257271866420609e-05,-0.00042479296193525325,-0.0001270330749181581,0.00036069745719970214,3.7914482653434743e-06,-0.00017717541225943371,9.047733409126897e-06,0.0002871121528824884,0.0001441633276719482,-4.740253199992738e-05,-0.0001001952556346608,0.00011283481149793581,-0.00011944508486337084,-0.00012125496042934314,-0.00024073255377235088,0.00021933410166911248,-2.3719780247831034e-05,3.723893806312069e-05,0.00011171060450550854,0.0001580368385617295,-2.2739485765288956e-05,-0.00021591314696543004,0.0001618962148403909,-0.00035265509942320904,0.0002730654755208594
shocks,corr_edu_b,3.620298806365494e-05,0.0001625755953649415,4.112424420119652e-05,-8.08481546363175e-05,-7.256996310843795e-05,1.3991561595887606e-05,0.0002193937098919501,-0.00012052675447880298,1.0784897845383492e-05,-5.826992286528412e-05,0.00010051948978282425,0.00016901735731098875,-2.5712061298999365e-05,-0.0001349960986638666,-0.0001910968574909432,-0.0001457577273233601,-8.308301016033835e-05,4.483215833547883e-05,0.00017148032284738306,-0.00015290446943888039,0.0003060009534885562,5.497135162053578e-05,9.965015981209311e-05,0.0002849665060861419,-3.614464170679967e-05,3.2300066886527125e-05,6.455998273543725e-05,1.2415442667371731e-05,-6.107431337302411e-05,-0.0001867258238634659,-7.948364025437461e-05,8.366737747104524e-05,7.199942691385014e-05,0.00013117658618028827,1.8502503388602093e-05,-9.968240638553373e-05,0.00011875036805661024,-7.87876024047752e-05,-0.00030984955459212576,0.00015824687424016018,-2.0329936105604102e-05,-2.4683720948571022e-05,9.607826163489666e-05,0.00023136250530866645,-0.000210571519096523,-0.00013331766682693784,-0.00013878117827617395,-0.00010765128067537983,-1.0797303772645843e-06,0.00018973970975462873,0.00015864897539549105,3.705039025591943e-05,-0.00010817480869164803,-0.00014121925102102161,9.676134580709252e-05,-0.0001296412450656072,2.8734878984094565e-05,8.95377578642954e-05,-0.00011191312174736128,-0.00012885784393092085,-0.0003044722269926912,-0.0001728572163517845,0.0001495156305354231,-0.00017003693763413614,-0.00013889049545610374,-0.000322651112809523,6.681325235336128e-05,-0.00010685872146357912,-2.1414608482858943e-05,-0.00019322457082014224,-5.139639547665768e-05,-2.7884894090365295e-05,-1.6344469550766465e-05,-3.908379570015689e-05,-0.00020208192363212316,0.00012370669457467402,-0.0002449973370320721,-2.609291913200906e-05,-0.00010904878207984533,-7.407744005230521e-05,4.900839803116813e-05,6.6283658223824166e-06,-0.00013745503818680984,-7.424242774706362e-06,-6.47468802714202e-05,7.010447012311508e-05,-9.965659480884981e-05,0.00014246055082929278,1.3226133809008345e-05,-2.1447160640320588e-05,-9.977996791368716e-05,-0.00013885701962548856,-1.1734202604865685e-05,0.0003236629231525928,-0.00017273792818502738,-8.2859276528213e-05,0.00017252260137711655,7.473137657617633e-05,-0.0001118116617083506,-7.350648203317275e-05
shocks,corr_home_a,3.593064378933265e-05,-1.1925397945384936e-05,3.15556219370985e-05,-5.853077085234455e-05,0.0002247727979104815,-5.371822031750402e-05,0.00017161485723632189,-7.141126062297426e-05,-5.128553934894157e-07,0.0001037273545414958,5.127450513621757e-05,5.397260137118206e-05,-9.860387395579901e-06,6.251882068726164e-05,0.00014045380784641419,-1.281262052821045e-05,5.1627003068952975e-06,-0.00019362325400132247,-2.9116018707297278e-05,-6.008760525338352e-06,8.839438938593641e-05,-9.360249720226118e-05,3.9446999534345206e-05,1.216667301952224e-05,1.9644071959800993e-05,-0.00011590758299392347,-0.00011454516225208591,-5.618800046720911e-05,-0.000206149033896375,3.970591467706319e-05,8.259861113521742e-05,1.5560135117172093e-05,1.1664705282012976e-05,2.121906887626796e-05,-2.9229113722538914e-05,-2.0631736891471944e-05,1.1837019049680277e-05,9.868243821961733e-05,-9.175894393492787e-05,-5.637705660654084e-05,5.215761759670023e-05,-2.616038174920431e-05,-0.0001342445264162544,-6.975748910950125e-05,-8.988928870357215e-05,-7.956612100327381e-07,3.599353717440402e-05,0.00015657637100554764,0.00011158840196932554,-3.9991019548848675e-05,3.863973271512052e-05,-6.933505542969927e-05,-3.216005119474976e-05,-6.395929205467296e-05,-1.916017657100051e-05,-7.477668606649705e-05,-3.827762887009246e-05,-0.00010543591830009949,0.00010844933798851725,6.859631123489283e-07,9.279165036940701e-05,7.4504679673868e-05,-8.331252996560539e-06,6.972575436472916e-05,2.111649559685606e-05,-8.787151010333187e-05,6.36190030730398e-06,4.969996878111767e-05,-4.439424841522326e-05,-0.00021411313978396472,-7.377700709249222e-05,9.4998951901937e-05,0.00013652367611931236,1.8759588505911322e-05,-0.00011349598982109646,4.938457891232698e-05,6.555391083350098e-06,9.845835640172582e-05,0.00018135627081702118,0.00017633443173810615,3.336540907791795e-05,7.416178602071952e-05,4.659704933384293e-05,5.448833119857127e-05,8.926269664193527e-05,9.626468640499563e-05,8.573656258628627e-05,-2.4420207334676073e-05,-0.00030657079844306117,0.0001306272944785397,6.952622016116781e-06,1.0136011872209275e-05,7.755623887608546e-05,-0.00019200817569625108,7.66724110356257e-05,-0.00014866466046293528,4.073777580756068e-05,2.0937446520718285e-05,2.956388783926211e-05,-8.551926735483867e-05
shocks,corr_home_b,-0.00011520912158057543,4.99498111740705e-06,0.0002985247655982819,3.647348726157481e-05,7.789104622977923e-05,-3.949631971039592e-05,0.0006957854623990748,0.0001964542866894942,-0.00010306818224422016,0.00014390914185248514,2.9406168563166974e-05,0.0003909183723795653,-0.0001301383053386133,-0.00037113937198238216,-0.00029941777780762496,-8.279963906209117e-05,0.0002560431673902686,-0.00026666950179483396,0.00011160206079217329,7.60368235100627e-05,-4.106410947900544e-05,-0.0004002498609915271,0.00014214761087160866,-0.00018657039951106773,-6.206736826533302e-05,-5.743420616574065e-05,0.00014975217943446876,-0.0004388423524265587,2.157931054260163e-05,-0.0006477539639511307,0.0005096206918272838,0.00010945105124995058,-0.00010336123393312443,-0.00024989769792599484,9.371041880039623e-05,0.000263495362701008,-9.408825380771421e-05,0.00026967784286071147,-0.00019989505508771408,0.00071804292965065,0.0001462770949063121,6.727078919683269e-05,0.00038779847637461235,-0.00014198037523154228,0.00048742997113302767,9.865246818104072e-05,0.0002578470065600708,9.321972680883679e-05,0.00027648401736192664,0.00013051164610047467,-0.00019695422810046137,0.00011246581182163669,-0.0001844077543460901,0.000531896081774165,-0.0002451677253070187,-0.00018084408423225766,-0.000442058936322536,-2.7290911096554244e-05,1.7748726673946162e-05,4.191233194616111e-05,0.0002803032746915191,-0.00013678050772282768,-3.338485996883157e-05,0.0003494659983420306,4.144969723799084e-05,0.0002257438337466609,-0.00022722485165858853,-1.1666357927363954e-05,9.293952140716007e-05,-0.0003577451921946389,-0.0007264528960311936,-0.00045741061108523103,-1.2180542286654433e-05,-0.00038342383448323314,9.65929057060689e-05,-0.00029843425609084025,-0.00021502764682226834,-8.965705417359166e-05,-0.0006689731441175278,-0.0002198797602345868,-0.0005572737880360021,0.0005078639424985218,6.676148527440064e-05,-9.17709849067432e-05,-0.0005222920507648369,-5.2088534346484195e-05,-2.411101939469316e-05,0.00045082749498119893,-0.0004237259562106791,0.00014332289259844924,0.0001004036250277238,-0.0002826224145620282,9.68442399265953e-06,0.0002582844948976806,-0.0002779035782895097,8.300338721425184e-05,-0.0005169650133165961,-0.0007634367039504713,-0.00041699140444309443,-3.993187306601865e-05
shocks,corr_home_edu,0.0003994038510978457,-9.076063504967293e-05,-0.0005155936148787228,0.0004282548857739843,1.7386661870695044e-05,-0.00017339644135033654,0.0009388829546373574,0.0006727416632879806,-0.0002583277527432042,-0.0004510500355318998,9.617793604187442e-05,0.00047970989066517544,-0.0001325610430174493,9.496631615977516e-05,-0.0004708854076017833,-0.00035745698980341157,0.0002499604487771195,-0.0006367779886581643,-0.00031380893994696163,0.00017273470179853166,-0.0007302775915706248,-0.0006764197049688378,-0.00017153667359404845,-0.00021477546714370274,-0.00012247667124030444,0.000255208574195134,-0.0009379695947894535,-0.00017062244879422788,0.00013486914626268995,-0.000462676727271061,0.00037473493448748993,0.000235365031376328,-0.0006166756000277095,-0.0002802915688502261,0.000178087442935277,-7.085511931589343e-05,-1.1662177456009496e-05,0.0006539989343917937,-0.0005729016994631468,0.0010883029783142861,-0.0006577492658207495,-0.00039191692567735705,-0.00029278362174957985,0.0002858267569741936,-5.524677187152901e-05,0.0001223405984131679,-0.0004668559017671593,-0.0006155627292090057,2.152714194567249e-05,0.0002444310974999679,-2.543321262588122e-05,0.0006475204676475735,0.00018946758222700307,-0.00037978733986766903,-0.0003036258252204575,-0.0001452583895076205,0.0002704470564316244,0.0006650199431646813,0.0003159400655714365,-0.00020968148825112025,-6.901536517345197e-05,0.00015238886069795122,4.411424716753074e-05,-0.00013606921053184904,-0.0003935974291589235,0.0004578610602835645,-0.0007571848844529105,0.00046998074027514164,0.0004567914371039944,0.0002507725152612428,-1.9369016339300864e-05,0.0002855642768856335,-0.0001178164008459059,0.00023373705978134226,0.0003870068723528699,-0.0003424197658721368,-0.00021994965183150974,-0.00027528020704099885,-0.0002802185188974064,8.727321656715965e-05,-0.0006946310462233413,0.0001385996254007728,-0.00028583745089552843,-9.095578387669451e-05,-4.896203299243184e-05,-0.000125511867344167,-9.405904385728579e-05,-0.0004036337126829658,-0.0015838980048474157,8.44360803302708e-05,8.250697338494207e-05,-0.0004841796333500341,-0.00029166049703381396,-0.0002794058687634797,0.0003012363297183262,-0.00039976392964594104,5.045290766413034e-05,7.766385239116972e-05,-0.00015687134880798347,-0.0004885405304663827
meas_error,sd_a,1.0,1.0,1.0,1.0,1.0,1.0,1.0,1.0,1.0,1.0,1.0,1.0,1.0,1.0,1.0,1.0,1.0,1.0,1.0,1.0,1.0,1.0,1.0,1.0,1.0,1.0,1.0,1.0,1.0,1.0,1.0,1.0,1.0,1.0,1.0,1.0,1.0,1.0,1.0,1.0,1.0,1.0,1.0,1.0,1.0,1.0,1.0,1.0,1.0,1.0,1.0,1.0,1.0,1.0,1.0,1.0,1.0,1.0,1.0,1.0,1.0,1.0,1.0,1.0,1.0,1.0,1.0,1.0,1.0,1.0,1.0,1.0,1.0,1.0,1.0,1.0,1.0,1.0,1.0,1.0,1.0,1.0,1.0,1.0,1.0,1.0,1.0,1.0,1.0,1.0,1.0,1.0,1.0,1.0,1.0,1.0,1.0,1.0,1.0,1.0
meas_error,sd_b,1.0,1.0,1.0,1.0,1.0,1.0,1.0,1.0,1.0,1.0,1.0,1.0,1.0,1.0,1.0,1.0,1.0,1.0,1.0,1.0,1.0,1.0,1.0,1.0,1.0,1.0,1.0,1.0,1.0,1.0,1.0,1.0,1.0,1.0,1.0,1.0,1.0,1.0,1.0,1.0,1.0,1.0,1.0,1.0,1.0,1.0,1.0,1.0,1.0,1.0,1.0,1.0,1.0,1.0,1.0,1.0,1.0,1.0,1.0,1.0,1.0,1.0,1.0,1.0,1.0,1.0,1.0,1.0,1.0,1.0,1.0,1.0,1.0,1.0,1.0,1.0,1.0,1.0,1.0,1.0,1.0,1.0,1.0,1.0,1.0,1.0,1.0,1.0,1.0,1.0,1.0,1.0,1.0,1.0,1.0,1.0,1.0,1.0,1.0,1.0
